-1,-1,od9LTtIrxtxuXQeV01NBKno0GGw=,czeL+idL7PjyrP4JwJ2mgBXBhhM=
-1,-2,od9LTtIrxtxuXQeV01NBKno0GGw=,mCxMbcOF/Q+acSYcOi5cTYp6TIQ=
-1,-3,od9LTtIrxtxuXQeV01NBKno0GGw=,uRICih4Ks0mf1UPU8P9te77t1/M=
-1,-4,od9LTtIrxtxuXQeV01NBKno0GGw=,87F8Pb3gP3W71gAOeHBPGjxVtVA=
-1,-5,od9LTtIrxtxuXQeV01NBKno0GGw=,ITdmDIk4wo61v4yjCZkv1FaEqgo=
-2,-2,od9LTtIrxtxuXQeV01NBKno0GGw=,DGIeAhBKO6Lq5DRdmaRyZOn8XL4=
-2,-1,od9LTtIrxtxuXQeV01NBKno0GGw=,gQxZqnAGG+XYB87heOCeXdesFxY=
-2,-4,od9LTtIrxtxuXQeV01NBKno0GGw=,YwzDxmJNioDvg/Er6gCrqvX/ORA=
-2,-3,od9LTtIrxtxuXQeV01NBKno0GGw=,qYq2jYpq5c3MhhEnM3Cy5w1KCNI=
-2,-5,od9LTtIrxtxuXQeV01NBKno0GGw=,nJrcn/VryyMWN5bum5idMZLurYY=
-3,-3,od9LTtIrxtxuXQeV01NBKno0GGw=,YeiY2iJ6ejNarJD5Gy0DJ213AfY=
-3,-4,od9LTtIrxtxuXQeV01NBKno0GGw=,UkktVf/rk9KVz/+iJR5OvxoD4h8=
-3,-1,od9LTtIrxtxuXQeV01NBKno0GGw=,CKQZk3LBvI5LGWwXmV3EoGyR4Hw=
-3,-2,od9LTtIrxtxuXQeV01NBKno0GGw=,f/br1Ut61xo+mvKRLmXOWaK/G10=
-3,-5,od9LTtIrxtxuXQeV01NBKno0GGw=,ejRB6lR1WpYglsGVBt9SNgJzFxs=
-4,-4,IBn6FVLib6cVCBswysiPcu58hhk=,s78kmYbF0g5/3oiLaZzkrM6656I=
-4,-3,IBn6FVLib6cVCBswysiPcu58hhk=,TiH8wqXWzu3S212ijsQ517xjp1g=
-4,-2,IBn6FVLib6cVCBswysiPcu58hhk=,aV0juve/tSCfyDshoz3z7fYzwJ4=
-4,-1,IBn6FVLib6cVCBswysiPcu58hhk=,EwISj6Ln66rkQWJU5SsAjag8omU=
-4,-5,IBn6FVLib6cVCBswysiPcu58hhk=,PQFQvSOjdocKMUy7zvFq8IJYIlY=
-5,-5,IBn6FVLib6cVCBswysiPcu58hhk=,io4CwFe9LChNy/yn28unOChz03k=
-5,-4,IBn6FVLib6cVCBswysiPcu58hhk=,FSnbzGZyOplDZDStcl5Wp7+0yB0=
